{
  "version": 2,
  "name": "leirisonda-obras",
  "builds": [
    {
      "src": "package.json",
      "use": "@vercel/static-build",
      "config": {
        "distDir": "dist/spa"
      }
    }
  ],
  "routes": [
    {
      "src": "/manifest.json",
      "headers": {
        "Content-Type": "application/manifest+json",
        "Cache-Control": "public, max-age=0, must-revalidate"
      }
    },
    {
      "src": "/sw.js",
      "headers": {
        "Content-Type": "application/javascript",
        "Cache-Control": "public, max-age=0, must-revalidate"
      }
    },
    {
      "src": "/(.*)",
      "dest": "/index.html"
    }
  ],
  "headers": [
    {
      "source": "/(.*)",
      "headers": [
        {
          "key": "X-Frame-Options",
          "value": "DENY"
        },
        {
          "key": "X-Content-Type-Options",
          "value": "nosniff"
        },
        {
          "key": "Referrer-Policy",
          "value": "strict-origin-when-cross-origin"
        }
      ]
    }
  ]
}
